ScreenResolution,Cpu,Ram,Memory,Gpu,OpSys,Price,Inches_OpSys_Weight,Inches_Cpu_Gpu,Company_Cpu,Inches_OpSys_Weight_Inches_Cpu_Gpu
23,65,9,4,58,8,1490.2996862971945,2184,26390,65,57635760
1,63,9,2,51,8,1000.0,2016,22491,63,45341856
8,74,9,16,53,4,639.6422453111442,4200,54908,518,230613600
25,85,1,29,9,8,2822.7134180256744,7488,9945,85,74468160
23,67,9,16,59,8,2006.3630498142252,2184,27671,67,60433464
0,14,6,26,17,5,444.9685184773177,7490,3332,0,24956680
25,84,1,15,60,3,2380.548201214764,3588,65520,84,235085760
1,63,9,15,51,8,1288.96255589917,2016,22491,63,45341856
8,106,1,29,98,5,1663.0698378089749,2100,103880,212,218148000
15,83,9,16,61,5,856.5643980688365,3150,50630,0,159484500
0,74,6,26,53,4,438.18274857053854,4200,54908,518,230613600
8,56,6,26,47,4,383.7742229737246,4200,36848,392,154761600
25,86,1,16,10,8,2714.274590072752,7488,11180,86,83715840
8,56,6,16,24,5,554.9869846708344,8050,18816,224,151468800
22,51,9,16,52,8,1404.3206443144147,120,7956,51,954720
23,65,9,16,58,8,1689.2673593343268,2184,26390,65,57635760
8,97,9,16,24,5,828.7538656640041,8050,32592,388,262365600
25,87,1,29,11,8,3179.3000645204347,7488,12441,87,93158208
8,59,9,10,72,4,555.0982268004539,6440,59472,590,382999680
13,83,9,4,61,5,1089.060448973235,840,35441,332,29770440
40,118,10,40,110,9,1222.5510045164303,42525,324500,2242,13799362500
15,77,9,5,75,5,1111.3088748971008,9170,80850,770,741394500
0,22,6,26,12,4,287.00469441786987,4200,3696,154,15523200
7,83,9,16,61,5,911.073041582308,2030,35441,332,71945230
8,106,9,16,53,5,733.0856341913808,5670,78652,742,445956840
0,56,6,10,47,5,465.7040514383607,8610,36848,224,317261280
1,62,9,2,51,3,1222.5510045164303,777,22134,62,17198118
8,83,9,16,7,5,889.9370369546353,8050,8134,332,65478700
8,107,9,19,61,5,1443.922842458896,5390,91378,428,492527420
8,83,9,10,69,5,996.7294813891916,10480,91632,581,960303360
8,29,6,35,40,5,272.5320933543951,5460,16240,87,88670400
0,20,4,23,12,5,221.37183794246556,3050,2400,40,7320000
8,8,6,26,7,5,488.3529490288561,11040,896,56,9891840
35,106,1,29,61,5,2079.115402585267,1155,45262,424,52277610
1,62,9,15,51,3,1110.1964536009075,777,22134,62,17198118
0,37,6,35,43,5,276.99290275213025,2300,15910,370,36593000
0,60,6,10,53,2,408.2586157029389,2996,44520,0,133381920
15,83,9,5,7,5,1089.060448973235,11680,9296,332,108577280
0,74,6,10,53,5,543.629163236701,5250,54908,518,288267000
8,83,9,16,70,5,977.8183193539056,7490,81340,581,609236600
8,56,6,10,53,2,432.7318842191914,4200,41552,112,174518400
15,102,1,18,79,5,1667.519522993748,9380,112812,408,1058176560
0,74,9,10,72,2,581.785213696131,3444,74592,148,256894848
15,83,6,16,61,5,758.6713240038266,8050,70882,0,570600100
7,83,0,10,63,5,1111.3088748971008,11360,83664,332,950423040
23,64,9,16,56,8,1578.525819298285,2184,25088,64,54792192
40,118,10,40,110,9,1222.5510045164303,42525,324500,2242,13799362500
8,26,9,18,37,5,1445.035263755089,12400,15392,52,190860800
8,74,6,16,24,5,710.8372082675149,8610,24864,296,214079040
0,113,6,10,66,5,518.3883240260751,11680,119328,226,1393751040
40,118,10,40,110,9,1222.5510045164303,42525,324500,2242,13799362500
15,106,9,16,98,5,935.5463100985604,8050,145432,0,1170727600
8,8,6,16,16,5,443.2887623200658,5250,1792,56,9408000
8,106,9,29,61,5,1227.000689701203,1750,45262,742,79208500
0,59,6,10,53,5,427.169777738225,8820,43778,0,386121960
8,106,9,16,6,5,854.1170712172112,6930,8904,424,61704720
8,56,6,4,47,5,488.3529490288561,5670,36848,392,208928160
0,74,6,16,53,5,652.0902396155471,10500,54908,148,576534000
8,102,1,20,80,5,2724.3197543773776,9920,130560,1122,1295155200
8,56,6,16,47,2,461.6548379202171,4200,36848,112,154761600
8,106,1,20,7,5,1445.035263755089,11680,11872,424,138664960
8,83,9,16,61,5,977.8183193539056,3550,50630,332,179736500
15,60,9,16,53,4,666.3403564197832,2840,31800,600,90312000
8,83,9,16,61,5,1046.7884397178898,2550,50630,166,129106500
8,74,9,16,53,5,767.5706943733729,5250,54908,518,288267000
8,102,1,29,76,5,2205.9314303513024,5530,108528,204,600159840
0,56,6,26,6,5,488.00809842703626,5250,4704,392,24696000
0,36,6,25,41,5,254.7444768282644,2300,14760,252,33948000
8,74,6,10,53,5,610.7192916101185,6160,54908,740,338233280
8,102,0,10,76,2,1055.6878100874362,5376,124032,204,666796032
37,74,6,4,53,6,1211.4267915544974,1296,31376,962,40663296
15,106,7,16,7,5,1062.362337864596,1785,5194,424,9271290
8,106,9,16,7,5,967.806527688166,8050,10388,424,83623400
8,77,9,5,75,5,1218.1013193316571,11520,92400,847,1064448000
0,56,9,10,47,5,432.7318842191914,5350,26320,0,140812000
8,102,9,10,75,5,1055.6878100874362,8050,107100,204,862155000
8,74,9,22,53,4,577.3466527243197,6440,54908,740,353607520
8,106,9,5,61,5,951.1202082452666,6300,90524,424,570301200
8,60,6,10,97,5,589.5832869824459,8050,81480,0,655914000
8,83,9,5,69,5,1086.8356063808485,10480,91632,581,960303360
15,83,9,16,61,5,1219.3917280352412,5390,70882,332,382053980
22,61,9,29,52,8,1679.7561572518744,120,9516,61,1141920
8,83,9,16,53,5,956.682314726233,2950,43990,581,129770500
8,8,6,4,5,5,443.8560971811244,8050,560,80,4508000
0,14,6,10,17,5,439.4064119963512,7490,3332,0,24956680
15,102,1,5,76,5,1500.656328564754,9380,108528,408,1017992640
15,106,9,16,85,5,777.5824860391126,5040,126140,742,635745600
8,74,9,16,53,5,666.3292322068213,5950,54908,518,326702600
15,102,1,5,79,5,1611.8984581840832,8050,112812,204,908136600
15,106,9,16,61,5,1834.3827174227424,805,45262,424,36435910
8,24,9,10,36,5,777.5824860391126,8750,12096,48,105840000
8,106,4,10,98,5,766.4582730771797,8050,145432,0,1170727600
8,106,1,29,61,5,1331.568291543373,1750,45262,742,79208500
8,77,9,16,79,5,1329.3434489509866,9380,85162,308,798819560
8,97,9,16,53,5,1166.9299397067657,1400,51410,194,71974000
13,83,9,16,61,5,942.2208378757202,1995,35441,0,70704795
8,97,9,10,24,2,667.3415355863572,3220,32592,388,104946240
8,56,6,16,24,2,539.5243286537476,3220,18816,224,60587520
8,59,8,16,65,5,641.8670879035308,10500,53690,118,563745000
15,102,0,5,75,5,1389.4141989454245,9240,107100,714,989604000
8,97,9,16,7,5,799.8309119629785,5670,9506,679,53899020
8,22,6,26,12,5,388.2350323714597,7490,3696,154,27683040
8,83,9,10,6,2,719.7365786370614,3220,6972,332,22449840
15,97,9,16,98,5,1244.7994304402962,1400,66542,679,93158800
37,74,9,16,53,6,1490.6445368990142,1296,31376,962,40663296
15,74,8,16,72,5,733.0856341913808,2750,53280,518,146520000
8,56,6,10,47,5,461.54359579059775,5180,36848,560,190872640
15,97,9,16,72,5,1327.1186063586,2100,69840,194,146664000
8,102,1,18,76,5,1445.035263755089,8050,108528,1122,873650400
15,97,9,16,53,5,1646.3835183660754,2750,51410,970,141377500
8,106,1,18,98,5,1403.8756757959372,3990,145432,212,580273680
31,98,9,16,58,5,1534.0289674505525,875,39788,392,34814500
13,74,9,16,53,5,1556.2773933744186,1365,27454,740,37474710
9,83,6,26,61,5,803.1681758515584,2950,50630,581,149358500
15,83,9,16,61,5,1812.134291498876,805,35441,332,28530005
40,118,10,40,110,9,1222.5510045164303,42525,324500,2242,13799362500
8,106,9,29,61,5,1205.8646850735308,2950,64660,742,190747000
15,106,9,18,72,5,1257.4031637261662,7140,106848,424,762894720
8,56,6,10,66,5,627.4056110530179,12000,59136,112,709632000
8,106,9,16,72,5,1243.6870091441028,4970,106848,212,531034560
13,59,8,10,53,5,532.8498008765879,7490,43778,0,327897220
8,102,1,20,80,5,2493.492335417269,5530,114240,1122,631747200
8,74,9,16,72,4,699.7129953055821,6440,74592,740,480372480
8,106,1,29,70,5,1413.887467461677,10480,118720,742,1244185600
0,14,6,16,17,5,501.70200458317566,7490,3332,0,24956680
40,118,10,40,110,9,1222.5510045164303,42525,324500,2242,13799362500
8,83,9,10,61,5,903.2860925089548,2950,50630,581,149358500
0,16,6,37,12,6,309.24199612877385,3660,1920,32,7027200
8,106,1,20,7,5,1552.9401294858387,11680,11872,424,138664960
8,83,9,16,61,5,1032.326962867377,10480,81008,581,848963840
0,74,9,10,30,5,710.826084054553,8400,31080,296,261072000
8,56,6,10,24,5,499.4771619907891,8050,18816,224,151468800
15,106,9,16,61,5,983.380425834872,3150,64660,0,203679000
8,60,6,16,97,5,636.3049814225643,12950,81480,0,1055166000
0,97,9,10,53,5,665.2279351235899,6510,71974,679,468550740
8,106,9,16,61,5,1099.0722406389746,2950,64660,742,190747000
0,37,6,10,43,4,280.7306383073397,4928,22274,370,109766272
8,77,9,5,75,5,1043.45117582931,13440,92400,154,1241856000
8,74,6,10,66,4,555.0982268004539,6440,68376,740,440341440
15,74,6,16,53,5,777.5824860391126,1225,27454,518,33631150
15,60,6,10,97,5,728.6359490066077,13440,93120,0,1251532800
15,83,9,16,35,5,1241.4844149776402,3350,29050,830,97317500
15,102,9,16,77,4,966.6941063919726,7056,109956,1020,775849536
0,68,6,26,47,5,669.6776203083631,7490,44744,1088,335132560
0,8,6,16,16,5,410.48345829532553,5250,1792,56,9408000
8,106,9,16,61,5,1222.5510045164303,1400,64660,212,90524000
11,47,9,29,46,5,2240.4164905332946,150,10810,329,1621500
8,37,6,10,43,5,382.6729258904932,10500,22274,74,233877000
40,118,10,40,110,9,1222.5510045164303,42525,324500,2242,13799362500
0,56,6,10,47,5,497.2523193984025,7490,36848,0,275991520
8,102,1,29,75,5,1389.7034284824344,8960,107100,408,959616000
8,102,9,1,75,5,1000.0667452777716,9240,107100,408,989604000
0,74,6,4,53,5,553.9858055042605,6160,54908,740,338233280
8,102,1,18,79,5,2102.476249805326,11680,128928,1122,1505879040
8,80,6,16,53,5,1203.6398424811443,2450,42400,560,103880000
8,83,8,16,6,5,688.5887823436491,5670,6972,581,39531240
13,59,6,16,53,5,699.7129953055821,3300,31270,590,103191000
7,83,9,16,53,5,1462.8340044941815,770,30793,166,23710610
7,106,9,16,61,5,1166.9299397067657,3780,90524,424,342180720
0,55,6,26,47,5,497.2523193984025,7490,36190,880,271063100
0,14,6,10,22,5,448.3057823658975,6370,4312,28,27467440
15,83,6,16,98,5,895.4991434356018,13440,130144,0,1749135360
8,83,9,16,6,5,809.842703628718,6930,6972,332,48315960
15,102,1,16,76,5,1200.3025785925645,9170,108528,1020,995201760
0,37,6,10,43,5,387.1226110752663,7490,22274,0,166832260
15,102,1,18,79,5,2001.2459118517363,8820,112812,1122,995001840
0,113,6,10,44,5,404.3762653792244,7490,69608,0,521363920
8,102,9,5,75,5,1179.7116604000266,8960,107100,408,959616000
15,83,9,16,98,5,950.0077869490732,13440,130144,0,1749135360
15,83,6,26,61,5,838.7656573297438,1750,35441,581,62021750
17,74,9,16,53,5,1500.656328564754,270,23532,592,6353640
15,74,8,22,6,5,777.5824860391126,11040,7104,518,78428160
0,9,6,26,16,4,343.7381805237279,6440,2016,90,12983040
0,59,6,26,53,5,543.9740138385208,12740,43778,944,557731720
8,83,9,16,69,5,1026.7648563864109,10480,91632,581,960303360
0,59,9,10,53,5,510.6013749527221,8610,43778,236,376928580
0,56,6,4,47,5,499.4771619907891,7490,36848,0,275991520
8,95,5,31,62,5,3113.6672080450303,15045,100130,1045,1506455850
8,74,9,5,4,5,904.398513805148,5600,4144,740,23206400
11,83,9,16,61,5,1667.519522993748,1120,35441,581,39693920
8,106,1,20,7,2,1166.9299397067657,2520,10388,424,26177760
8,83,9,16,61,5,1556.2773933744186,875,35441,332,31010875
11,106,1,29,61,5,2056.866976661401,2295,58194,1060,133555230
0,74,9,4,53,5,882.1500878812823,6860,54908,1184,376668880
15,83,9,16,98,4,1333.7931341357598,4704,113876,1494,535672704
7,106,1,29,63,5,1723.1405878034127,11360,106848,424,1213793280
5,102,1,29,75,5,2666.473846975326,6580,107100,408,704718000
15,77,9,16,75,4,866.5761897345762,7056,80850,770,570477600
15,81,9,16,52,5,1100.184661935168,490,29484,0,14447160
8,106,9,5,7,5,1206.9771063697242,11680,11872,424,138664960
40,118,10,40,110,9,1222.5510045164303,42525,324500,2242,13799362500
15,37,6,23,43,5,289.2295370102565,2100,15910,629,33411000
15,74,9,16,98,4,1112.310054063675,1176,50764,1332,59698464
2,83,9,16,98,4,776.4700647429194,9344,130144,830,1216065536
13,106,9,10,61,5,933.3214675061738,2030,45262,424,91881860
15,83,9,10,69,5,1016.7530647206707,10480,91632,581,960303360
5,103,5,12,82,5,6784.6574854829005,12800,135136,1442,1729740800
8,83,9,29,61,5,1066.8120230493691,1750,35441,581,62021750
15,102,1,18,75,5,1534.0289674505525,12560,122400,714,1537344000
8,106,9,16,70,5,1162.4802545219925,10480,118720,742,1244185600
12,102,1,31,79,5,2052.417291476628,9380,112812,408,1058176560
0,68,6,4,47,5,548.423699023294,7490,44744,680,335132560
8,97,9,10,72,5,825.4166017754243,7700,97776,0,752875200
15,102,1,31,79,5,1945.6248470420717,10850,112812,1020,1224010200
6,114,1,18,101,5,3398.4470598705134,10220,161196,456,1647423120
8,102,1,29,79,4,1555.1649720782252,7056,112812,1020,796001472
36,59,8,10,53,5,488.3529490288561,8610,43778,236,376928580
11,106,9,16,61,5,2168.1091062807304,805,45262,424,36435910
8,106,9,16,61,5,1611.8984581840832,6580,45262,424,297823960
40,118,10,40,110,9,1222.5510045164303,42525,324500,2242,13799362500
8,102,9,10,75,2,866.5761897345762,3528,107100,0,377848800
8,102,1,18,75,5,1565.176763743965,11920,122400,204,1459008000
8,56,6,26,47,4,388.2350323714597,5992,36848,392,220793216
8,74,9,16,53,4,610.7192916101185,6440,54908,740,353607520
17,97,9,29,53,5,1667.519522993748,270,30846,776,8328420
15,106,9,16,7,5,1036.643157496607,1785,5194,424,9271290
2,74,9,10,85,4,655.2161434578502,9344,100640,740,940380160
8,106,9,16,69,5,1146.9063563752864,2950,73140,742,215763000
8,83,9,16,61,5,1278.172069326095,3150,50630,332,159484500
7,106,1,29,61,5,1422.7868378312232,2030,45262,424,91881860
8,83,9,16,6,2,753.4985649765277,3220,6972,332,22449840
15,83,9,16,61,5,1000.0667452777716,3300,50630,830,167079000
8,89,9,16,47,5,1516.23022671146,1155,29281,1424,33819555
8,83,9,10,61,5,883.2625091774755,7490,70882,581,530906180
15,102,1,18,79,5,2732.484926691436,14080,128928,408,1815306240
8,97,9,16,72,5,925.5345184328208,8050,97776,0,787096800
7,97,1,10,30,5,955.5810176430016,8610,40740,388,350771400
8,74,9,16,67,5,855.4519767726432,10500,69412,148,728826000
8,74,9,21,86,5,991.1673749082252,10880,101824,148,1107845120
8,97,9,10,1,5,1411.6626248692903,6160,1358,679,8365280
0,59,6,10,53,5,443.8449729681624,8470,43778,118,370799660
0,19,6,26,12,5,367.09902774378713,7490,3192,133,23908080
15,102,1,18,79,5,1667.519522993748,10850,112812,1020,1224010200
8,74,9,16,53,5,955.5698934300397,3150,39220,296,123543000
13,68,9,16,47,5,766.4582730771797,2205,22372,0,49330260
8,97,1,16,30,2,1000.0667452777716,3360,40740,388,136886400
0,56,6,10,47,2,433.8443055153848,2996,36848,0,110396608
8,2,6,5,24,5,639.6422453111442,8050,672,4,5409600
8,103,5,31,82,5,4327.318842191915,14400,135136,206,1945958400
15,77,9,16,75,5,941.1084165795268,9170,80850,0,741394500
0,56,9,4,47,5,655.2161434578502,12950,36848,560,477181600
8,106,9,5,63,5,1273.7223841413218,8560,106848,212,914618880
8,97,9,5,86,4,988.9425323158384,8704,133472,194,1161740288
8,77,9,16,75,5,977.8183193539056,8960,80850,308,724416000
13,97,9,16,53,5,1200.3025785925645,1800,46269,970,83284200
8,106,9,6,7,5,1095.7349767503947,8050,10388,424,83623400
36,74,9,10,53,5,621.8435045720514,6440,54908,518,353607520
8,103,1,16,82,5,3336.1514672836893,13120,135136,206,1772984320
15,83,6,26,61,5,750.8843749304735,1750,35441,581,62021750
23,67,9,29,59,8,2269.33944423432,2184,27671,67,60433464
13,106,9,10,61,5,911.073041582308,6720,90524,424,608321280
8,102,1,18,93,5,2001.2459118517363,14000,151776,204,2124864000
0,14,6,10,22,5,521.725587914655,4340,4312,28,18714080
13,106,9,29,61,5,2056.866976661401,1755,58194,1060,102130470
15,60,6,16,97,5,780.9197499276925,13440,93120,0,1251532800
8,83,9,16,61,5,1055.6878100874362,1505,35441,332,53338705
0,10,9,4,16,5,496.0286559725899,5670,2240,70,12700800
15,106,1,10,98,5,1178.0541526686984,11920,166208,742,1981199360
8,102,1,31,80,5,2779.940819187042,13600,130560,1122,1775616000
13,102,9,29,77,5,1890.0037822324068,10500,109956,1020,1154538000
8,106,9,5,7,5,1270.385120252742,11680,11872,424,138664960
8,56,6,16,47,4,493.9150555098226,6440,36848,560,237301120
15,83,6,26,53,5,803.1681758515584,7490,61586,581,461279140
8,74,6,10,53,5,730.8607915989943,7280,54908,296,399730240
8,74,9,10,24,5,628.5180323492112,7770,24864,296,193193280
7,83,9,16,61,5,888.8246156584421,9450,70882,332,669834900
7,106,9,34,61,5,1667.519522993748,5985,45262,212,270893070
40,118,10,40,110,9,1222.5510045164303,42525,324500,2242,13799362500
8,106,9,10,70,5,1132.4448795247736,10480,118720,742,1244185600
8,106,9,16,61,5,978.9307406500988,6510,90524,1060,589311240
23,66,9,29,57,8,2179.122077113044,2184,26334,66,57513456
8,26,1,18,37,5,1723.1405878034127,12400,15392,52,190860800
8,106,9,16,6,2,817.7075221928047,2800,8904,424,24931200
39,91,1,29,47,5,2779.940819187042,1900,42770,910,81263000
0,89,9,26,68,5,903.2860925089548,8050,84728,1424,682060400
0,97,0,10,53,5,793.2342536765523,8610,71974,388,619696140
8,106,9,5,7,2,1222.5510045164303,4672,11872,424,55465984
15,106,9,10,97,5,828.7538656640041,8050,143948,0,1158781400
2,56,6,10,47,5,543.9740138385208,11680,42112,560,491868160
8,106,9,22,98,4,944.4456804681068,9344,166208,1060,1553047552
2,97,8,5,72,5,955.5698934300397,11680,111744,970,1305169920
8,54,6,10,24,2,476.1163147707299,3136,18144,216,56899584
15,77,9,16,75,5,922.1972545442408,9170,80850,770,741394500
8,74,8,16,53,5,644.0919304959173,8050,54908,740,442009400
15,106,9,16,98,5,1057.9126526798227,11760,145432,0,1710280320
13,97,0,10,53,5,733.0856341913808,7070,71974,0,508856180
15,97,9,16,55,5,1220.3261619240438,5880,74690,970,439177200
8,74,9,16,72,5,1086.8356063808485,4970,74592,148,370722240
15,102,1,18,76,5,1311.544708211894,9170,108528,1020,995201760
8,97,9,10,72,4,733.0967584043427,6440,97776,970,629677440
0,32,4,8,40,1,221.37183794246556,1484,17920,0,26593280
8,102,9,10,75,5,1320.4440785814402,13440,122400,204,1645056000
2,56,9,10,47,5,543.9740138385208,10160,42112,392,427857920
8,102,9,16,75,5,2034.6185507375349,10500,107100,408,1124550000
8,83,9,16,61,5,822.0793378868443,6510,70882,830,461441820
15,102,9,10,79,5,1445.035263755089,10850,112812,1020,1224010200
8,102,9,16,76,2,1089.060448973235,3668,108528,0,398080704
8,104,1,16,101,5,3209.179700536187,12720,168064,416,2137774080
8,0,8,10,18,5,555.0982268004539,8820,0,0,0
8,97,1,29,72,5,1633.0344628117557,4130,97776,194,403814880
0,59,6,4,53,5,566.2224397623868,2100,31270,118,65667000
8,102,1,18,80,5,2360.5579905221703,11920,130560,204,1556275200
2,74,8,10,84,5,721.961421229448,14640,99456,740,1456035840
0,74,9,22,72,4,610.7192916101185,6440,74592,740,480372480
8,102,9,5,76,5,1407.212939684517,9170,108528,204,995201760
0,113,6,10,44,4,400.4605424166239,6440,69608,1130,448275520
7,99,1,16,53,5,2197.032059981756,1085,36729,693,39850965
15,89,9,16,68,5,1160.2554119296058,8050,84728,1424,682060400
8,74,9,5,72,5,911.073041582308,8610,74592,740,642237120
8,56,6,10,47,5,521.725587914655,5250,36848,392,193452000
15,74,9,16,53,5,1111.3088748971008,770,27454,740,21139580
11,106,1,12,61,5,2779.940819187042,805,45262,424,36435910
15,102,1,18,80,5,2334.9723007097245,10220,114240,1122,1167532800
8,11,9,16,17,5,521.725587914655,7700,2618,0,20158600
36,37,4,23,43,5,305.9158564531559,220,3182,74,700040
8,83,9,5,7,5,938.8835739871404,8260,8134,332,67186840
11,106,1,12,61,5,2724.3197543773776,1120,45262,742,50693440
0,33,6,7,45,1,511.602554119296,329,10395,330,3419955
8,74,9,16,53,5,1090.1728702694284,4200,39220,518,164724000
0,112,6,2,42,5,539.5243286537476,510,9408,0,4798080
8,97,9,16,53,5,1437.248314681736,2450,51410,679,125954500
2,74,6,10,66,5,655.2161434578502,11440,78144,740,893967360
8,97,9,16,53,5,1216.9888980354638,7500,51410,194,385575000
14,106,9,10,61,5,1003.4040091663512,7490,90524,742,678024760
0,4,9,16,34,5,733.0856341913808,8050,1904,0,15327200
0,37,6,23,43,5,324.8270184884419,2300,15910,370,36593000
0,74,8,10,53,5,610.7192916101185,13020,54908,0,714902160
8,97,9,16,72,5,1167.9311188733395,4970,97776,194,485946720
8,97,9,16,53,5,1485.0824304180478,725,25705,679,18636125
5,102,5,12,75,5,2935.6798006541035,6580,107100,408,704718000
8,102,9,18,76,5,1333.7931341357598,11520,124032,1122,1428848640
15,74,9,16,53,5,1049.0132823102765,6860,54908,1184,376668880
8,97,9,18,53,5,1483.9700091218544,7500,51410,194,385575000
8,56,6,10,47,5,499.4771619907891,5180,36848,560,190872640
8,102,9,16,75,5,1111.3088748971008,9170,107100,204,982107000
8,78,9,16,53,5,1410.550203573097,2450,41340,546,101283000
40,118,10,40,110,9,1222.5510045164303,42525,324500,2242,13799362500
8,74,9,16,53,5,1272.6099628451286,5110,54908,518,280579880
0,37,6,10,43,2,305.90473224019394,4200,22274,74,93550800
8,83,9,16,72,5,1271.219436224887,10500,83664,332,878472000
0,36,6,26,40,2,305.8046143235365,3220,20160,144,64915200
8,5,0,22,7,5,1000.0667452777716,8050,490,50,3944500
15,59,9,10,70,5,796.4936480743987,7490,57820,413,433071800
11,106,1,29,61,5,2334.9723007097245,2295,58194,1060,133555230
8,106,9,16,61,5,1756.5132266892117,1155,45262,424,52277610
15,102,1,20,76,5,1255.9236434022291,8820,108528,1020,957216960
0,36,4,23,41,5,310.3655416379291,2300,14760,252,33948000
8,107,1,32,61,5,1788.7289474269694,5390,91378,428,492527420
36,37,6,23,43,5,417.1579860724853,570,3182,74,1813740
8,83,9,10,7,5,737.535319376154,0,8134,332,0
40,118,10,40,110,9,1222.5510045164303,42525,324500,2242,13799362500
8,97,9,16,53,5,1450.5973702360554,5110,71974,679,367787140
8,102,9,5,79,5,1567.4016063363515,11520,128928,1122,1485250560
8,102,9,16,101,5,1933.6885665339173,9590,144228,714,1383146520
15,89,1,29,68,5,1560.7270785591916,8820,84728,1424,747300960
8,106,9,6,7,5,1080.0498364740697,6300,10388,424,65444400
0,37,6,10,43,4,358.1885331612788,6440,22274,370,143444560
8,77,9,10,75,5,1111.3088748971008,9380,80850,308,758373000
36,74,9,22,53,5,620.0302578592564,8400,54908,296,461227200
8,78,9,16,53,5,1587.4251896678306,1900,41340,312,78546000
0,56,6,26,47,5,488.3529490288561,5250,36848,392,193452000
8,74,9,16,53,5,1051.238124902663,7500,39220,148,294150000
2,74,8,5,85,5,799.8309119629785,11680,100640,740,1175475200
8,74,9,10,53,5,710.8372082675149,5250,54908,518,288267000
0,56,9,16,67,4,555.0982268004539,6440,52528,560,338280320
0,112,9,22,42,5,432.7318842191914,6440,65856,784,424112640
8,83,9,5,7,5,1206.9771063697242,11680,9296,332,108577280
15,77,9,5,75,4,899.9488286203749,7056,80850,770,570477600
8,97,9,16,30,5,1000.0667452777716,8260,40740,388,336512400
15,97,9,16,53,5,1946.7372683382648,1900,51410,679,97679000
7,97,0,33,74,5,1222.5510045164303,7910,100492,194,794891720
0,14,6,4,17,5,473.8914721783433,7490,3332,0,24956680
15,26,1,18,37,5,2446.214430329054,12320,15392,52,189629440
2,11,6,4,17,5,543.9740138385208,10960,2992,110,32792320
7,106,9,16,61,5,966.7052306049346,2030,45262,424,91881860
8,14,6,16,17,5,543.9628896255589,5670,3332,98,18892440
9,41,6,4,43,5,615.1689767948917,560,3526,410,1974560
0,35,6,26,41,5,343.7381805237279,5530,20090,140,111097700
0,37,6,23,43,5,318.15249071128216,2850,15910,74,45343500
8,102,9,10,75,2,941.1084165795268,3528,107100,0,377848800
15,102,9,5,75,5,1324.8937637662134,12560,122400,714,1537344000
8,56,6,4,47,4,448.8619930139942,4144,36848,560,152698112
15,102,9,5,79,5,1841.0572451999017,8610,112812,204,971311320
15,74,9,16,72,5,1222.5510045164303,2850,53280,740,151848000
7,97,1,29,53,5,1945.5136049124524,770,35987,194,27709990
10,97,9,29,53,5,2538.545397913097,750,51410,970,38557500
15,59,6,4,53,5,610.7192916101185,1995,21889,590,43668555
8,72,9,26,2,5,1522.9047544886198,7700,2016,288,15523200
15,94,9,16,101,5,2375.0194673726837,10500,132916,376,1395618000
39,97,1,29,53,5,2791.0650321489748,2200,51410,970,113102000
8,102,9,10,75,5,1155.8057267448326,13440,122400,204,1645056000
8,102,1,18,76,5,1769.862282243531,13440,124032,204,1666990080
9,83,0,10,97,5,772.0092553451842,8050,112714,0,907347700
8,102,9,16,76,5,1500.656328564754,11520,124032,1122,1428848640
8,97,9,16,30,2,866.431574966071,3304,40740,388,134604960
8,14,6,16,6,5,555.0982268004539,5670,1176,98,6667920
15,106,9,16,35,5,1367.7887289474268,7490,51940,1060,389030600
15,74,9,16,53,5,1043.45117582931,4400,39220,740,172568000
5,102,9,16,101,5,3016.8865552762136,4830,144228,408,696621240
10,97,1,12,53,5,2920.1059025073973,750,51410,970,38557500
0,37,6,10,43,5,340.400916635148,8050,22274,370,179305700
8,102,1,18,75,5,1700.8921618795466,11920,122400,204,1459008000
15,83,9,18,35,5,1273.1661734932252,10165,55195,830,561057175
8,102,9,16,75,2,977.8183193539056,3668,107100,0,392842800
8,102,1,18,80,5,2501.8354951387187,11680,130560,1122,1524940800
8,97,9,29,53,5,2083.56508777004,600,51410,194,30846000
8,89,1,29,47,5,1943.400004449685,1155,29281,1424,33819555
8,99,9,29,40,5,1868.867777604734,1900,39600,396,75240000
8,56,6,26,47,5,454.98031014305735,13225,60536,560,800588600
0,37,4,23,43,5,338.6766636260484,170,3182,370,540940
8,102,9,29,101,5,2141.410995172091,9450,144228,1020,1362954600
18,102,9,29,74,5,2161.4345785035703,3550,75480,1020,267954000
8,56,6,10,6,5,521.725587914655,7490,4704,392,35232960
13,89,9,16,47,5,877.711526909471,2205,29281,0,64564605
13,74,9,16,53,5,1032.326962867377,1050,27454,148,28826700
8,74,6,16,24,2,666.2291142901639,3444,24864,296,85631616
0,56,6,4,47,5,766.4582730771797,2135,18424,224,39335240
8,89,9,16,47,5,1668.6319442899412,2250,41830,623,94117500
0,74,9,10,53,5,600.6518788795692,7000,54908,296,384356000
15,106,9,16,35,5,1352.014594967406,3350,37100,1060,124285000
11,102,1,29,75,5,2112.4880414710656,10500,107100,1020,1124550000
24,41,8,35,43,5,499.4771619907891,1020,7052,123,7193040
8,104,9,16,55,5,1587.4251896678306,8120,80080,728,650249600
8,59,9,10,72,2,664.1155138273966,5658,97704,118,552809232
10,103,1,18,80,5,3113.6672080450303,17600,164800,412,2900480000
15,102,9,5,76,5,1289.296282288028,9240,108528,408,1002798720
8,106,9,20,7,5,1270.8300887712192,6300,10388,424,65444400
8,99,9,16,53,2,1222.5510045164303,1260,52470,396,66112200
8,102,0,18,80,5,2223.7301710903957,12560,130560,714,1639833600
13,37,6,25,43,5,332.61396756179494,180,3182,444,572760
0,36,6,7,41,1,299.2413286759961,34,2952,540,100368
15,97,9,16,53,5,1123.5455091552271,1785,35987,970,64236795
15,60,6,4,53,5,666.3403564197832,3550,31800,600,112890000
12,99,1,29,72,5,2719.870069192604,8610,99792,990,859209120
8,104,1,29,104,5,2724.3197543773776,9170,151424,1040,1388558080
8,25,9,18,37,5,1885.5540970476336,12400,14800,50,183520000
0,36,6,26,41,5,386.0101897790731,7490,20664,252,154773360
38,105,1,29,52,1,2446.214430329054,88,21840,630,1921920
4,97,3,29,53,5,2649.787527532427,3150,92538,970,291494700
8,74,6,16,53,2,621.8435045720514,4200,54908,148,230613600
2,8,9,10,15,5,577.3466527243197,11680,1920,80,22425600
8,83,6,16,7,5,833.2035508487774,8050,8134,332,65478700
15,74,9,16,53,5,1589.6500322602174,950,19610,740,18629500
8,113,6,4,44,5,388.2350323714597,8050,69608,1130,560344400
15,102,9,5,75,5,1222.5510045164303,8050,107100,714,862155000
8,79,9,16,69,5,1311.544708211894,3000,54510,316,163530000
0,74,6,26,53,2,491.46772865819736,3528,54908,0,193715424
8,114,9,36,108,5,2217.055643313235,7700,172368,456,1327233600
8,77,9,16,75,5,1143.2798629496965,8050,80850,847,650842500
37,100,1,29,58,6,2880.058735844439,1344,46400,1300,62361600
0,74,9,4,53,5,655.2161434578502,5670,54908,518,311328360
15,94,1,16,108,5,2197.032059981756,7210,142128,376,1024742880
15,104,9,29,53,5,1706.4542683605134,8120,77168,728,626604160
8,74,9,16,53,5,1496.2066433799807,3050,39220,740,119621000
8,106,9,5,7,5,1089.060448973235,8400,10388,424,87259200
36,112,6,26,42,5,532.8498008765879,480,9408,448,4515840
15,101,9,10,79,5,2276.01397201148,14080,127664,404,1797509120
37,52,6,4,52,6,1100.184661935168,1296,21632,676,28035072
37,100,9,16,58,6,2001.2459118517363,3696,127600,1300,471609600
2,56,9,16,47,5,711.838387434089,10480,42112,392,441333760
8,56,6,10,72,5,605.157185129152,7700,56448,0,434649600
0,36,6,4,41,5,483.90326384408297,510,2952,0,1505520
8,74,9,10,53,5,833.2035508487774,8470,54908,148,465070760
15,97,9,29,31,4,888.8246156584421,2280,30070,970,68559600
8,104,9,16,104,5,2324.9605090439845,9450,151424,1040,1430956800
0,113,6,26,43,5,338.17607404276146,10500,68026,226,714273000
0,56,6,26,85,5,521.725587914655,8050,66640,0,536452000
8,83,9,22,7,5,844.3277638107102,6300,8134,332,51244200
15,102,0,10,79,5,1890.0037822324068,13280,128928,714,1712163840
20,91,0,16,47,5,2066.8787683271407,2550,42770,910,109063500
11,106,9,29,61,5,2223.7301710903957,1120,45262,742,50693440
8,74,9,26,1,5,1283.7341758070615,6160,1036,518,6381760
38,82,9,4,52,1,1418.33715264645,88,17056,492,1500928
7,83,9,16,61,5,2048.913164393619,1540,35441,332,54579140
12,92,0,5,48,5,1445.035263755089,6580,61824,184,406801920
0,58,9,4,47,5,823.1917591830377,3500,27260,232,95410000
8,102,9,16,101,5,2678.7104812334524,8280,247248,408,2047213440
8,74,9,9,53,5,1517.3426480076532,3550,39220,740,139231000
40,118,10,40,110,9,1222.5510045164303,42525,324500,2242,13799362500
15,74,9,16,53,5,1859.968407235188,315,27454,1184,8648010
15,106,9,29,72,5,1403.8756757959372,7140,106848,424,762894720
0,59,6,10,53,5,652.5463323469863,7280,43778,236,318703840
15,83,6,4,61,5,807.6178610363315,1750,35441,581,62021750
8,30,6,35,40,5,276.88166062251094,5460,16800,90,91728000
0,54,6,4,47,5,628.5180323492112,8610,35532,540,305930520
15,83,9,16,61,5,1166.9299397067657,3350,50630,830,169610500
15,94,1,29,108,5,2600.8409904999216,7210,142128,376,1024742880
8,102,1,29,75,5,2112.4880414710656,6580,107100,408,704718000
15,97,1,29,53,5,2000.133490555543,950,25705,970,24419750
8,97,1,29,53,5,2169.221527576924,75,25705,194,1927875
15,74,9,16,72,5,1125.7592275346517,8610,74592,740,642237120
7,97,5,29,53,5,3113.6672080450303,315,35987,1552,11335905
8,102,9,5,75,5,1501.768749860947,6090,107100,204,652239000
0,1,9,10,34,5,644.0919304959173,8050,476,0,3831800
13,92,3,18,90,5,1411.6626248692903,13840,132480,184,1833523200
9,68,9,9,47,5,1222.5510045164303,1050,15980,680,16779000
8,106,9,16,61,5,999.9555031481522,7210,90524,1060,652678040
8,99,9,12,53,5,1945.6248470420717,2450,52470,693,128551500
15,59,9,16,53,5,1055.6878100874362,1785,21889,590,39071865
15,74,9,16,53,5,1013.415800832091,8610,54908,740,472757880
0,37,6,35,43,6,378.22324070572006,396,3182,74,1260072
0,74,9,16,6,5,688.5776581306872,5670,6216,518,35244720
13,83,9,16,61,5,1778.761652613077,2295,45567,830,104576265
0,37,6,26,43,5,332.61396756179494,5350,15910,370,85118500
0,36,6,8,41,1,294.79164349122294,56,2952,360,165312
8,74,9,16,53,5,1055.6878100874362,1610,27454,740,44200940
8,97,9,18,53,5,1361.603666540592,10500,71974,194,755727000
15,83,6,10,98,5,681.9142545664893,8050,113876,0,916701800
15,97,9,29,53,5,1471.7333748637282,1260,35987,679,45343620
15,102,9,18,79,4,1278.172069326095,7056,112812,1020,796001472
13,74,9,4,53,5,1000.0667452777716,1120,27454,296,30748480
8,97,6,26,72,5,710.8372082675149,8050,97776,0,787096800
8,74,9,10,53,5,929.984203617594,7280,54908,296,399730240
8,106,1,20,7,5,1356.308541170712,8050,10388,424,83623400
15,106,1,16,98,4,1557.334193605802,4704,145432,1908,684112128
0,37,4,23,43,5,272.5432175673571,220,3182,74,700040
36,83,6,10,61,5,580.0943333259171,6440,70882,581,456480080
8,102,3,29,96,5,3301.666407101697,7770,137088,204,1065173760
8,74,9,16,69,5,988.9425323158384,6440,71484,518,460356960
8,102,1,18,94,5,1673.0816294747144,13440,153408,204,2061803520
15,102,9,18,79,5,1556.2773933744186,10850,112812,1020,1224010200
15,97,9,16,53,5,1556.2773933744186,1225,35987,679,44084075
8,78,9,16,53,5,1423.5989053774445,3000,41340,312,124020000
0,56,6,4,47,5,766.4582730771797,4130,36848,392,152182240
15,83,9,5,7,2,988.9425323158384,4672,9296,332,43430912
8,68,9,16,47,7,1490.6445368990142,11340,57528,680,652367520
8,97,6,10,66,5,888.8246156584421,8050,89628,970,721505400
0,56,9,22,67,4,510.6013749527221,6440,52528,560,338280320
8,74,6,26,24,5,650.7664582730771,8610,24864,296,214079040
8,79,9,16,53,5,1531.804124858166,6160,58618,316,361086880
15,102,1,5,80,5,3351.469508532271,14080,130560,408,1838284800
15,74,9,26,53,5,956.682314726233,6860,54908,1184,376668880
12,97,9,18,89,5,1445.035263755089,10500,120862,194,1269051000
15,41,6,25,43,5,410.48345829532553,1155,12341,492,14253855
15,77,9,5,79,5,1834.3827174227424,8610,85162,154,733244820
8,99,9,16,69,5,1522.9047544886198,5740,95634,396,548939160
8,83,9,16,7,5,887.0558657974948,8050,8134,332,65478700
8,112,6,16,42,5,443.8449729681624,5250,65856,784,345744000
8,102,0,10,79,5,2001.2459118517363,10560,128928,714,1361479680
15,97,9,16,72,5,955.5698934300397,3800,69840,970,265392000
31,106,9,16,61,5,1556.2773933744186,1155,45262,424,52277610
8,56,6,4,47,5,818.5974592297594,3150,26320,224,82908000
21,97,9,16,53,5,1273.7223841413218,1260,35987,679,45343620
8,77,9,10,75,2,887.7121943622489,3528,80850,0,285238800
0,17,6,26,13,5,388.2350323714597,10500,3094,34,32487000
8,59,6,4,53,5,784.813224464369,7490,43778,413,327897220
8,74,6,26,53,5,873.250717511736,3800,39220,740,149036000
8,68,6,10,47,4,514.3279862949696,5656,44744,680,253072064
8,56,6,26,47,5,441.63125458873776,5250,36848,392,193452000
15,97,9,29,53,5,1923.3764211182056,6090,71974,970,438321660
8,56,6,4,47,5,555.0982268004539,8050,36848,560,296626400
8,74,9,16,53,5,1242.5634636349478,6160,54908,296,338233280
15,102,1,18,80,5,3002.425078425701,14080,130560,408,1838284800
2,56,9,10,47,5,605.3240483235811,10720,42112,392,451440640
8,97,9,10,69,5,1423.8992591274164,10640,107088,679,1139416320
0,37,6,26,43,2,249.18237034729788,4200,22274,74,93550800
15,30,6,23,40,5,283.66743052929,1295,8400,360,10878000
2,97,8,5,72,5,1055.6878100874362,11680,111744,970,1305169920
15,2,8,4,7,5,632.856475404365,5670,196,14,1111320
0,56,6,10,22,5,687.3651189178364,7280,17248,224,125565440
13,38,6,23,43,5,388.2350323714597,280,3268,0,915040
8,60,6,4,53,5,700.8254166017754,6510,44520,600,289825200
19,47,1,29,46,5,2185.907847019823,630,15134,329,9534420
15,102,9,16,109,5,3336.1514672836893,12880,177888,1020,2291197440
8,77,9,5,75,5,933.3214675061738,9170,80850,154,741394500
11,83,9,4,61,5,1778.761652613077,805,35441,332,28530005
0,78,6,26,53,5,1066.8120230493691,5740,57876,312,332208240
40,118,10,40,110,9,1222.5510045164303,42525,324500,2242,13799362500
8,113,6,26,44,5,382.6729258904932,8050,69608,1130,560344400
0,74,6,26,53,5,1101.297083231361,4500,39220,740,176490000
2,79,9,26,101,5,2070.2049080027587,12160,127664,553,1552394240
0,112,9,22,42,5,432.7318842191914,4150,47040,784,195216000
15,15,8,16,7,5,721.961421229448,5880,1470,105,8643600
8,74,9,16,53,5,923.3096758404342,8610,54908,740,472757880
8,83,6,26,53,5,762.0085878924066,6510,61586,830,400924860
8,30,6,25,40,5,276.99290275213025,2550,12000,360,30600000
7,97,1,29,53,5,2074.6657174004936,1300,51410,1552,66833000
15,93,5,18,80,5,2962.3779117627428,14320,119040,930,1704652800
8,103,1,31,80,5,3035.7977173115,13600,131840,1133,1793024000
8,97,9,16,24,2,833.2146750617393,3220,32592,388,104946240
15,41,6,25,43,5,432.7318842191914,2350,17630,492,41430500
0,78,9,26,53,5,1121.899125636861,6160,57876,312,356516160
8,59,6,4,53,5,799.8309119629785,1750,21889,413,38305750
8,99,1,16,69,5,1710.2253765546086,5740,95634,396,548939160
0,36,6,7,41,1,328.1642823770218,58,2952,144,171216
8,93,1,5,93,5,2613.077624758048,14240,138384,1023,1970588160
15,102,1,18,75,5,1666.4071016975547,13280,122400,714,1625472000
15,91,0,16,47,5,1861.0808285313813,9350,42770,910,399899500
36,106,0,10,53,5,677.4645693817162,8050,78652,1060,633148600
15,77,9,5,79,5,1968.985694262131,11200,97328,154,1090073600
36,74,9,10,47,5,822.0793378868443,8050,48692,148,391970600
8,5,0,29,7,5,1055.6878100874362,8050,490,50,3944500
36,48,6,4,52,5,670.7900416045563,4305,52416,192,225650880
8,102,1,5,75,5,1890.0037822324068,9170,107100,1530,982107000
8,56,6,26,47,4,588.4708656862526,9344,42112,560,393494528
0,58,9,10,47,5,510.6013749527221,7980,38164,580,304548720
13,97,9,29,53,5,2252.653124791421,1365,35987,970,49122255
15,77,9,16,55,5,1639.7089905889156,3550,42350,770,150342500
7,74,9,16,53,5,1857.7435646428012,900,19610,296,17649000
7,102,9,16,108,5,1961.1987451887776,6580,154224,408,1014793920
8,97,9,16,53,5,1356.0415600596257,5110,71974,679,367787140
0,59,6,26,53,5,743.6313880792933,7490,43778,413,327897220
8,41,6,23,43,5,365.9866064475938,3150,17630,0,55534500
8,93,1,5,91,5,2446.214430329054,13600,135408,1023,1841548800
0,56,6,10,22,2,517.2759027298818,2912,17248,224,50226176
6,102,1,20,79,5,2557.4565599483835,5530,112812,1122,623850360
15,89,9,16,47,5,1556.2773933744186,8050,58562,1424,471424100
8,74,8,10,53,5,627.4056110530179,8820,54908,740,484288560
13,102,9,16,55,5,1445.035263755089,10500,78540,1020,824670000
0,112,6,2,42,5,388.2350323714597,3150,47040,0,148176000
12,116,5,12,104,5,5449.751930050948,9170,168896,1160,1548776320
8,92,1,10,88,5,977.8294435668676,9100,113344,368,1031430400
0,54,6,10,47,2,493.8038133802032,2912,35532,216,103469184
0,54,6,10,47,2,399.3592453333926,3136,35532,216,111428352
0,78,6,26,53,2,966.6941063919726,2296,57876,312,132883296
8,102,9,5,75,5,1299.3080739537677,13440,122400,204,1645056000
40,118,10,40,110,9,1222.5510045164303,42525,324500,2242,13799362500
8,97,9,29,53,5,1545.1531804124857,5110,71974,679,367787140
8,102,1,18,80,5,2522.815760784924,10290,114240,1122,1175529600
27,40,6,23,41,1,421.60767125725846,56,3280,0,183680
0,78,9,16,53,5,1250.3615369212628,5800,41340,546,239772000
8,68,9,16,47,7,1629.6971989231758,4270,31960,680,136469200
8,83,6,10,7,5,863.2389258459963,8050,8134,332,65478700
0,74,9,16,53,5,888.8246156584421,8050,54908,370,442009400
0,68,6,26,47,7,1036.7766480521502,7546,44744,476,337638224
40,118,10,40,110,9,1222.5510045164303,42525,324500,2242,13799362500
8,30,4,23,40,5,265.8686897901973,2550,12000,360,30600000
8,74,6,4,53,4,520.6131666184617,6440,54908,740,353607520
7,74,8,10,53,5,710.8483324804769,1995,27454,148,54770730
40,118,10,40,110,9,1222.5510045164303,42525,324500,2242,13799362500
8,97,1,29,53,5,2113.6004627672587,4450,51410,194,228774500
8,102,1,18,76,5,1645.271097069882,9240,108528,408,1002798720
8,83,6,16,61,5,922.1972545442408,5530,70882,830,391977460
8,56,6,10,67,5,644.0919304959173,8050,52528,560,422850400
0,37,9,10,43,5,443.8560971811244,10500,22274,74,233877000
8,77,9,10,75,5,1008.5433955547644,6090,80850,154,492376500
31,83,9,16,61,5,2079.115402585267,875,35441,332,31010875
0,36,4,23,41,5,276.99290275213025,2200,14760,360,32472000
13,97,9,16,53,5,1954.991434356019,1365,35987,970,49122255
5,102,1,12,75,5,2668.698689567713,6580,107100,408,704718000
15,102,9,5,77,5,1233.6752174783633,9170,109956,1020,1008296520
2,14,9,10,17,5,579.4602531870869,10275,3570,98,36681750
15,97,1,29,53,5,2725.432175673571,800,51410,970,41128000
15,102,9,10,76,4,1300.4204952499608,7336,108528,204,796161408
0,56,6,26,47,5,500.5895832869824,8820,36848,0,324999360
0,36,6,23,40,5,304.80343515696256,2250,14400,360,32400000
15,74,9,16,39,5,1022.3151712016372,3950,28860,0,113997000
8,102,1,16,79,5,2891.182948806372,4200,80580,1428,338436000
8,68,9,16,47,5,1349.3670322824655,1155,22372,1088,25839660
15,97,9,16,53,5,1762.075333170178,950,25705,970,24419750
15,93,5,29,82,5,3113.6672080450303,13360,122016,186,1630133760
8,77,9,10,75,2,788.7066990010455,3528,80850,0,285238800
8,83,9,16,61,5,1612.8996373506573,1155,35441,332,40934355
8,102,9,5,76,5,1325.783700803168,8050,108528,1122,873650400
0,56,6,26,47,4,405.922530980933,4200,36848,392,154761600
15,74,9,26,53,5,1183.616259149665,6860,54908,1184,376668880
8,106,9,16,7,5,1022.3151712016372,12880,10388,424,133797440
8,106,1,20,7,5,1262.598171179389,8050,10388,424,83623400
15,92,9,5,87,5,1330.4558702471795,10920,112056,920,1223651520
12,102,5,31,80,5,3501.201414999888,14080,130560,408,1838284800
8,71,9,16,47,5,1367.1657730215586,2700,33370,284,90099000
0,37,6,26,43,5,466.1045231049903,8050,22274,370,179305700
8,68,6,26,47,5,595.1453934634123,8050,44744,680,360189200
3,56,8,10,24,5,599.5950786481856,6440,18816,392,121175040
8,102,9,5,79,5,1653.9146105413038,11520,128928,1122,1485250560
0,57,6,4,47,5,553.9858055042605,7490,37506,912,280919940
40,118,10,40,110,9,1222.5510045164303,42525,324500,2242,13799362500
8,97,9,10,7,5,828.7538656640041,7490,9506,679,71199940
15,74,9,16,53,5,1399.4259906111645,6860,54908,1184,376668880
0,56,6,4,47,2,458.3175740316372,2996,36848,0,110396608
37,99,9,16,58,6,2077.8361180946445,1296,45936,1287,59533056
8,74,9,5,24,5,909.9049992213048,5600,24864,740,139238400
13,74,9,16,53,5,1150.2436202638662,1470,27454,740,40357380
0,21,6,4,13,5,388.2350323714597,13225,6279,210,83039775
13,59,6,4,72,5,777.5824860391126,2950,42480,413,125316000
8,102,1,18,75,5,1439.4731572741227,8820,107100,1122,944622000
8,74,9,16,53,5,1262.598171179389,1100,39220,148,43142000
36,37,9,35,43,1,550.6485416156805,102,3182,259,324564
15,106,9,29,53,5,2557.4565599483835,770,78652,954,60562040
8,77,1,16,76,5,1445.035263755089,9170,81928,0,751279760
8,77,9,16,75,5,1110.0852114712882,8050,80850,847,650842500
0,37,6,4,43,5,466.1045231049903,5250,22274,74,116938500
8,77,1,5,79,5,2281.5760784924464,10710,85162,308,912085020
15,56,6,16,19,5,777.5824860391126,10480,17024,392,178411520
13,106,9,29,61,5,1667.519522993748,735,45262,1060,33267570
8,103,1,18,80,5,3130.0754221638817,11200,115360,412,1292032000
0,74,6,26,6,5,681.4804102609739,5250,6216,518,32634000
0,56,6,10,24,5,607.0149286937949,8050,18816,224,151468800
15,0,8,22,29,5,632.9677175339843,10720,0,0,0
0,33,6,26,45,5,353.74997218946754,7490,20790,330,155717100
0,33,6,23,45,1,417.1579860724853,470,14850,0,6979500
8,74,6,16,53,5,777.5824860391126,3550,39220,740,139231000
8,102,9,26,101,5,2122.488708923844,12160,164832,714,2004357120
39,97,9,16,53,5,2881.171157140632,2200,51410,970,113102000
15,74,9,16,53,5,1082.3859211960753,1995,27454,1184,54770730
0,34,6,23,40,5,299.2413286759961,510,2720,0,1387200
7,97,1,29,53,5,1945.6248470420717,2000,51410,970,102820000
7,49,6,35,46,1,744.2098471533138,165,11270,98,1859550
7,89,1,29,47,5,2088.014772954813,1330,29281,1424,38943730
40,118,10,40,110,9,1222.5510045164303,42525,324500,2242,13799362500
8,77,9,10,75,5,911.073041582308,8960,80850,308,724416000
8,13,6,16,7,5,443.8560971811244,8050,1274,130,10255700
0,5,9,10,25,5,477.2287360669232,8050,1750,50,14087500
8,74,6,11,53,5,691.3142145193226,7490,54908,740,411260920
0,56,6,26,47,4,500.5895832869824,4480,36848,560,165079040
8,74,9,16,53,5,884.3749304736689,7280,54908,296,399730240
13,83,2,16,61,5,1111.3088748971008,2205,35441,0,78147405
8,89,1,29,107,7,2063.5415044385604,10192,133322,890,1358817824
8,70,9,16,47,5,1324.8937637662134,3950,32900,700,129955000
15,1,8,22,7,5,728.6470732195696,11040,112,7,1236480
15,102,9,5,76,5,1389.4141989454245,9170,108528,1020,995201760
8,79,9,16,69,2,1211.4267915544974,1200,54510,316,65412000
8,74,9,10,53,2,807.6178610363315,2408,54908,296,132218464
8,37,6,23,43,5,331.5015462656017,2850,15910,74,45343500
8,78,1,29,53,5,1587.046966427125,5740,57876,312,332208240
15,74,9,16,66,5,953.4229203283866,3800,48840,740,185592000
8,78,9,16,53,5,1311.544708211894,6160,57876,312,356516160
0,7,6,26,15,5,331.5015462656017,7420,1470,70,10907400
16,28,6,24,41,5,294.79164349122294,2550,11480,336,29274000
8,97,9,16,69,5,1334.905555431953,10640,107088,679,1139416320
20,89,7,29,47,5,1876.2542550114576,950,41830,890,39738500
27,74,9,16,53,5,930.65165639531,1925,27454,518,52848950
15,74,9,16,53,5,1667.519522993748,1750,39220,740,68635000
6,102,5,13,80,5,4070.794491289741,13920,130560,408,1817395200
8,102,9,5,76,5,1500.0778694907333,11520,124032,1122,1428848640
0,74,6,10,53,4,544.9751930050948,4928,54908,740,270586624
40,118,10,40,110,9,1222.5510045164303,42525,324500,2242,13799362500
7,59,6,10,53,5,721.961421229448,2275,21889,236,49797475
0,74,9,10,30,2,655.7946025318707,3276,31080,296,101818080
8,14,6,10,6,5,543.9740138385208,7490,1176,98,8808240
15,92,1,5,79,5,2152.5352081340243,13760,116288,0,1600122880
0,74,0,10,53,5,721.961421229448,7840,54908,296,430478720
8,15,8,5,6,5,723.0738425256412,7490,1260,105,9437400
0,74,6,26,53,5,621.8435045720514,8820,54908,0,484288560
15,74,9,16,53,5,1067.9244443455625,1610,27454,740,44200940
8,97,6,10,53,5,866.5761897345762,5180,71974,970,372825320
8,102,1,16,103,5,2690.947115491578,9590,147084,714,1410535560
7,83,9,10,61,5,733.0856341913808,1855,35441,332,65743055
8,102,1,18,79,5,2329.9441564509307,5530,112812,1122,623850360
0,56,6,26,47,5,456.9826684762052,8820,36848,0,324999360
8,97,9,5,72,5,1342.692504505306,6860,97776,388,670743360
0,56,9,16,47,5,739.7601619685406,10500,36848,224,386904000
13,74,9,16,53,5,1707.5666896567066,1400,39220,1184,54908000
7,74,9,16,53,5,1111.3088748971008,3550,39220,740,139231000
12,99,1,12,107,5,3669.8778561416775,9170,148302,990,1359929340
0,36,4,23,41,1,367.09902774378713,620,14760,0,9151200
8,97,1,16,53,5,1834.3827174227424,70,35987,1455,2519090
40,118,10,40,110,9,1222.5510045164303,42525,324500,2242,13799362500
0,74,9,16,53,5,1253.3761986339466,3150,39220,296,123543000
15,115,1,16,102,7,4882.4170689923685,18816,187680,805,3531386880
36,36,6,4,41,5,528.4001156918147,510,2952,360,1505520
8,71,9,16,47,5,2113.6004627672587,5110,46718,497,238728980
0,70,6,10,86,4,644.0919304959173,7000,84280,140,589960000
40,118,10,40,110,9,1222.5510045164303,42525,324500,2242,13799362500
0,97,6,16,53,5,945.4468596346808,8470,71974,194,609619780
19,69,9,16,50,5,1333.7931341357598,1470,24150,690,35500500
15,77,9,5,75,5,1222.5510045164303,8050,80850,539,650842500
8,92,9,16,100,7,1736.4896433577323,12740,128800,644,1640912000
12,102,1,18,80,5,3191.525574565599,12320,114240,408,1407436800
0,74,6,16,53,5,666.3403564197832,7490,54908,0,411260920
15,102,9,5,75,5,1165.8175184105723,9170,107100,1020,982107000
8,99,1,16,53,5,2067.991189623334,500,26235,396,13117500
38,82,9,16,52,1,1734.2648007653456,88,17056,492,1500928
21,74,9,16,53,5,1255.9236434022291,1155,27454,148,31709370
0,56,6,26,47,5,944.4456804681068,2135,18424,224,39335240
0,68,6,4,47,5,728.6359490066077,2205,22372,0,49330260
0,113,6,10,66,5,523.216232451554,11680,119328,226,1393751040
26,92,1,5,89,5,1222.5510045164303,9730,114632,368,1115369360
7,97,9,16,53,5,1778.761652613077,1190,35987,1455,42824530
0,113,6,10,44,2,331.5015462656017,2996,69608,0,208545568
8,97,1,39,30,5,1314.0699045542526,8610,40740,388,350771400
7,97,1,16,8,5,2001.2459118517363,3900,9312,1455,36316800
9,68,6,4,47,5,1134.66972211716,3350,31960,1088,107066000
8,102,9,10,75,5,1222.5510045164303,9240,107100,408,989604000
40,118,10,40,110,9,1222.5510045164303,42525,324500,2242,13799362500
7,97,0,22,72,5,933.3214675061738,8610,97776,194,841851360
6,94,1,29,102,7,2636.4384719781074,12838,134232,940,1723270416
15,59,6,4,53,5,707.4999443789351,3950,31270,0,123516500
8,102,1,29,79,5,3224.90933766436,4200,80580,1428,338436000
3,110,9,4,44,5,647.3179522548779,10500,67760,220,711480000
15,102,5,13,81,5,3992.257547778494,14080,132192,408,1861263360
15,92,1,18,80,5,2614.190046054241,14000,117760,184,1648640000
15,91,1,29,68,5,1962.311166484971,2400,61880,1456,148512000
0,42,9,10,42,4,365.9866064475938,6440,24696,420,159042240
8,97,1,29,53,5,2557.4565599483835,3550,51410,970,182505500
15,102,1,18,79,5,2103.588671101519,3150,80580,1122,253827000
8,77,9,5,75,5,1211.4267915544974,8050,80850,847,650842500
15,102,6,10,75,5,1111.3088748971008,8820,107100,1020,944622000
15,102,1,18,79,5,2557.4565599483835,13760,128928,0,1774049280
8,77,9,16,75,5,1095.7349767503947,9240,80850,308,747054000
8,102,9,5,95,5,1489.5321156028208,7770,135660,204,1054078200
3,37,6,23,43,5,225.7102809976194,1200,15910,629,19092000
13,97,9,29,53,5,2191.4699535007894,1365,35987,970,49122255
7,74,9,16,31,5,1066.8120230493691,6720,32116,740,215819520
22,44,9,28,49,3,1295.9708100651876,36,6468,44,232848
30,74,9,16,53,5,2591.941620130375,2200,39220,740,86284000
0,37,6,23,43,5,332.61396756179494,2950,15910,74,46934500
0,74,9,4,53,5,901.0612499165684,5880,54908,296,322859040
13,97,9,16,53,5,1500.656328564754,1800,46269,970,83284200
8,56,9,16,23,5,822.0793378868443,10500,18032,224,189336000
8,102,9,16,103,5,2297.038734509533,10640,147084,714,1564973760
8,74,9,16,53,5,1222.5510045164303,8470,54908,148,465070760
8,74,9,16,53,5,1667.519522993748,1120,27454,296,30748480
5,77,9,16,75,5,1945.6248470420717,6580,80850,308,531993000
0,113,6,4,44,5,827.6414443678109,590,9944,452,5866960
0,78,9,16,53,5,1545.1531804124857,725,20670,546,14985750
0,68,6,26,47,5,867.6886110307695,7490,44744,1088,335132560
0,3,9,22,26,5,699.7129953055821,6440,1092,21,7032480
6,102,1,29,76,5,1867.7553563085407,9240,108528,408,1002798720
8,74,6,10,65,5,677.4645693817162,8820,67340,740,593938800
15,102,0,10,37,5,1945.6248470420717,13200,60384,714,797068800
8,102,1,31,80,5,2686.497430306805,11920,130560,1122,1556275200
8,74,9,16,53,5,1667.519522993748,70,27454,1110,1921780
8,97,9,10,74,5,1069.0368656417556,6020,100492,388,604961840
8,74,9,16,22,5,878.6014639464257,7280,22792,296,165925760
8,97,9,16,53,5,2067.991189623334,1750,51410,970,89967500
11,96,1,29,53,5,2001.2459118517363,800,25440,1344,20352000
0,36,6,7,41,1,428.2821990344182,50,2952,252,147600
15,102,1,5,79,5,2786.6375953901256,13920,128928,408,1794677760
0,68,6,26,47,5,839.8780786259372,3400,31960,272,108664000
0,56,6,26,47,5,544.9751930050948,7490,36848,560,275991520
0,74,6,4,53,5,1212.5392128506903,1400,39220,1184,54908000
15,97,9,29,53,5,2779.940819187042,750,51410,970,38557500
8,77,9,16,75,5,1333.7931341357598,8820,80850,847,713097000
15,74,9,15,53,5,2085.7899303624267,750,39220,740,29415000
0,108,6,4,45,5,555.0982268004539,3350,48600,1728,162810000
34,74,9,16,53,5,1510.6681202304935,770,27454,148,21139580
0,56,6,26,47,5,650.7664582730771,3400,26320,224,89488000
9,36,6,23,41,1,394.90956014861945,74,2952,0,218448
15,59,9,4,53,5,688.5887823436491,2850,31270,0,89119500
5,103,5,29,82,5,6117.204707766924,12800,135136,1442,1729740800
20,91,1,29,47,5,2334.9723007097245,1100,42770,910,47047000
8,74,6,10,64,2,577.3466527243197,2996,66304,148,198646784
8,68,9,16,47,5,1319.3316572852468,3550,31960,680,113458000
15,78,9,16,53,5,1835.4951387189356,1750,41340,780,72345000
8,102,1,18,80,5,3086.5575010568,10710,114240,408,1223510400
8,102,1,18,80,5,2690.947115491578,11920,130560,204,1556275200
0,59,6,26,53,5,744.2098471533138,6860,43778,944,300317080
0,40,6,7,41,1,361.5369212628206,570,16400,400,9348000
8,74,9,3,53,5,656.3285647540436,8610,54908,148,472757880
8,92,1,31,79,5,2001.2459118517363,11200,116288,184,1302425600
15,102,5,31,80,5,3418.348276859412,14080,130560,408,1838284800
2,74,9,10,69,5,1012.3033795358978,10640,81696,518,869245440
0,74,9,4,53,5,794.2576812690501,7280,54908,296,399730240
8,89,9,29,47,7,2080.22782388146,3640,41830,623,152261200
8,97,6,16,22,5,822.0793378868443,7280,29876,388,217497280
36,37,6,23,43,1,684.139097158876,102,3182,259,324564
15,68,9,29,71,5,1141.3442498943198,1645,33796,136,55594420
7,74,9,16,53,5,2532.983291432131,1085,27454,518,29787590
8,89,9,29,47,5,1633.0344628117557,2600,41830,623,108758000
0,36,6,4,41,4,332.61396756179494,4200,20664,252,86788800
8,102,1,5,79,5,2112.4880414710656,7490,112812,204,844961880
8,97,9,10,30,2,962.2444212071994,4640,46560,388,216038400
15,102,9,16,74,5,2116.9377266558386,4250,75480,1020,320790000
15,97,9,16,83,5,875.4755601041226,8610,112714,194,970467540
8,74,9,4,53,5,1051.238124902663,6160,54908,296,338233280
0,113,6,10,44,5,499.4771619907891,10500,69608,226,730884000
7,99,9,16,53,5,2846.68609695864,1085,36729,693,39850965
7,68,9,10,47,5,721.961421229448,2030,22372,272,45415160
8,54,6,10,47,4,521.725587914655,6440,35532,540,228826080
15,74,9,10,53,5,946.2922998197876,8610,54908,740,472757880
8,78,9,16,32,5,1500.656328564754,5110,34944,546,178563840
8,74,6,4,53,5,1429.4613656083832,315,27454,1184,8648010
15,77,9,10,75,4,1131.3324582285802,7336,80850,770,593115600
31,100,1,29,58,5,2491.823703472979,1120,40600,400,45472000
8,68,6,26,47,5,1012.3033795358978,6650,44744,476,297547600
0,68,9,16,47,5,1218.1013193316571,1155,22372,1088,25839660
13,97,9,16,53,5,2169.221527576924,1365,35987,970,49122255
15,74,9,16,53,5,1003.4040091663512,2700,39220,0,105894000
8,102,9,10,108,5,1977.8850646316769,7700,154224,408,1187524800
0,74,6,26,53,5,1173.6044674839254,8540,54908,740,468914320
8,56,6,10,24,4,532.8498008765879,6440,18816,560,121175040
15,97,9,16,53,5,1544.0407591162923,6860,71974,1552,493741640
15,59,6,9,53,5,817.6296527020713,1610,21889,590,35241290
8,97,1,16,72,5,2056.866976661401,1500,83808,1455,125712000
8,99,9,16,53,5,1879.991990566667,1575,26235,396,41320125
0,113,6,10,44,2,443.8449729681624,4200,69608,226,292353600
15,68,9,16,72,5,1040.11391194073,1085,34272,1224,37185120
8,74,6,5,72,5,1015.0844327763808,7280,74592,296,543029760
8,74,6,16,53,5,933.3214675061738,6440,54908,518,353607520
7,74,6,16,53,5,1891.1162035286,1085,27454,518,29787590
36,74,6,26,53,5,761.7861036331678,8610,54908,518,472757880
0,37,6,23,43,5,387.1226110752663,3355,17501,74,58715855
15,89,9,10,72,5,744.2098471533138,8050,89712,890,722181600
0,112,6,26,40,5,410.48345829532553,8050,62720,448,504896000
7,74,6,16,53,5,2001.2459118517363,1085,27454,518,29787590
0,54,6,10,23,2,506.9303846752841,2912,17388,216,50633856
8,77,0,5,75,5,1523.9059336551936,9200,92400,154,850080000
9,36,6,23,41,1,330.3891249694084,56,2952,0,165312
2,6,6,26,14,5,421.60767125725846,11680,1344,60,15697920
8,74,6,4,53,5,1407.212939684517,4200,39220,518,164724000
31,97,1,16,53,5,1556.2773933744186,1540,35987,679,55419980
8,97,9,16,53,5,1890.0037822324068,1140,61692,1455,70328880
15,74,9,16,53,5,2001.2459118517363,1750,39220,740,68635000
12,92,1,33,79,5,2946.804013616036,9920,116288,1012,1153576960
8,74,9,16,53,5,1640.821411885109,315,27454,1184,8648010
8,102,9,10,78,2,1033.4393841635704,3696,111384,408,411675264
8,97,9,10,69,5,1001.1791665739648,6440,93702,679,603440880
0,54,6,10,23,5,683.0266758626826,7280,17388,216,126584640
8,78,9,26,53,5,1040.11391194073,6160,57876,312,356516160
31,105,9,29,52,5,2239.4153113667203,910,38220,420,34780200
15,93,5,19,93,5,1422.7868378312232,13040,138384,186,1804527360
7,105,1,16,52,5,1834.3827174227424,840,38220,420,32104800
15,97,9,15,53,5,2279.35123590006,750,51410,970,38557500
15,74,9,29,53,5,2183.671880214474,5880,54908,740,322859040
13,97,1,29,53,5,2334.9723007097245,700,71974,873,50381800
8,97,9,29,53,5,1649.7207822546554,725,25705,679,18636125
15,32,6,7,40,1,399.3592453333926,1512,17920,0,27095040
15,70,9,5,89,5,877.7004026965091,9590,87220,700,836439800
13,97,9,29,53,5,2112.4880414710656,350,51410,873,17993500
8,79,9,16,53,5,1340.4676619129195,3150,41870,316,131890500
5,47,9,14,46,5,3448.506018199212,275,10810,329,2972750
8,97,8,16,72,5,877.7004026965091,8050,97776,970,787096800
8,97,9,16,69,5,1133.5461766080048,6440,93702,679,603440880
8,59,6,10,53,5,555.0982268004539,8820,43778,0,386121960
8,74,6,4,53,5,980.043161946292,1610,27454,740,44200940
8,74,9,16,53,5,1067.9244443455625,1750,27454,518,48044500
8,102,1,18,76,5,1778.761652613077,11520,124032,1122,1428848640
8,102,1,5,76,5,1500.656328564754,9590,108528,408,1040783520
8,77,9,5,75,5,1245.811733819832,8050,80850,847,650842500
0,74,6,10,22,5,761.9974636794446,7280,22792,296,165925760
8,89,9,16,28,5,1442.799296949741,5110,34888,623,178277680
40,118,10,40,110,9,1222.5510045164303,42525,324500,2242,13799362500
40,118,10,40,110,9,1222.5510045164303,42525,324500,2242,13799362500
13,74,9,29,53,5,2030.1688655527616,1365,27454,740,37474710
0,68,6,26,47,5,811.9563040914854,5880,44744,272,263094720
15,97,9,16,53,5,1835.4951387189356,950,25705,970,24419750
8,68,9,16,47,5,1295.9708100651876,8120,44744,476,363321280
0,74,6,10,53,5,787.661022982624,7280,54908,296,399730240
0,68,6,26,47,5,1278.172069326095,4200,31960,476,134232000
0,113,6,10,44,5,343.7381805237279,8050,69608,1130,560344400
8,68,6,26,47,5,1756.5132266892117,725,15980,476,11585500
0,36,6,10,41,4,321.3785124702427,4200,20664,252,86788800
19,90,1,12,56,5,2001.2459118517363,1470,35280,900,51861600
15,68,6,4,47,5,1229.22553229359,2400,31960,1088,76704000
8,68,9,16,47,5,1856.631143346608,725,15980,476,11585500
0,54,6,10,47,5,621.398536053574,7280,35532,216,258672960
8,102,9,5,75,5,1333.7931341357598,8050,107100,1122,862155000
40,118,10,40,110,9,1222.5510045164303,42525,324500,2242,13799362500
4,93,1,31,82,5,3068.057934901105,13920,122016,372,1698462720
15,70,9,5,90,5,1556.2773933744186,11280,100800,490,1137024000
2,112,6,10,66,5,589.5832869824459,11680,118272,224,1381416960
0,74,6,26,53,5,688.5887823436491,7700,54908,0,422791600
0,68,9,16,47,5,1244.7994304402962,8050,44744,1088,360189200
13,53,9,16,46,5,1445.035263755089,110,2438,530,268180
15,23,1,31,33,5,1111.3088748971008,9170,10626,230,97440420
7,74,9,16,40,5,1637.7066322557678,950,14800,296,14060000
8,97,9,10,66,4,762.0085878924066,6440,89628,970,577204320
2,54,6,10,30,5,733.0856341913808,9600,25920,216,248832000
0,36,6,23,41,1,388.2350323714597,620,14760,0,9151200
15,94,9,38,100,5,2501.8354951387187,6860,131600,658,902776000
8,99,9,16,53,5,1974.5478007430968,1900,52470,396,99693000
8,68,9,16,47,7,1624.1350924422095,1617,22372,1088,36175524
8,50,9,35,46,1,1289.296282288028,165,11500,100,1897500
15,91,9,16,47,5,1656.384185818853,3550,42770,910,151833500
12,102,1,31,80,5,3508.576768193649,13920,130560,408,1817395200
7,81,9,16,52,5,2112.4880414710656,910,29484,324,26830440
36,113,6,16,44,5,862.126504549803,470,9944,791,4673680
32,89,9,16,47,5,1410.550203573097,1470,29281,356,43043070
27,36,6,23,41,1,432.7318842191914,56,2952,0,165312
8,71,9,16,47,5,1707.5666896567066,1155,23359,1136,26979645
15,78,9,16,53,5,1957.8614813001975,950,20670,780,19636500
8,74,0,5,86,5,1122.4330878590338,8820,89096,0,785826720
7,97,9,29,53,5,1991.2341201859963,550,25705,1552,14137750
0,73,9,10,69,5,941.6646272276234,6440,70518,511,454135920
0,54,6,10,24,2,517.9656039335216,3136,18144,216,56899584
0,74,6,26,53,5,917.7475693594675,6160,54908,296,338233280
8,59,6,26,53,5,762.0085878924066,6440,43778,413,281930320
15,102,5,18,80,5,3503.0146617126834,14080,130560,408,1838284800
8,74,8,16,66,5,773.1328008543394,8820,68376,740,603076320
31,105,1,29,52,5,2112.4880414710656,840,38220,420,32104800
39,91,9,16,47,5,2183.6607560015127,2850,42770,364,121894500
8,92,5,18,80,5,3114.779629341224,14080,117760,368,1658060800
8,68,9,16,47,5,1312.657129508087,4200,31960,1088,134232000
8,102,1,18,79,5,2280.352415066634,11200,128928,204,1443993600
15,75,9,5,69,5,1089.060448973235,6440,72450,525,466578000
0,68,6,27,47,7,1114.6461387856807,4480,31960,680,143180800
5,97,1,33,86,5,2001.2459118517363,8610,116788,194,1005544680
40,118,10,40,110,9,1222.5510045164303,42525,324500,2242,13799362500
8,102,1,18,76,5,1945.6248470420717,11840,124032,204,1468538880
13,97,0,29,53,5,1445.035263755089,7420,71974,388,534047080
8,68,6,4,47,7,1329.3434489509866,1617,22372,1088,36175524
8,5,8,16,7,5,610.7192916101185,8050,490,50,3944500
0,68,6,16,47,5,721.961421229448,8610,44744,340,385245840
0,68,6,26,47,5,1017.865486016864,3350,31960,1088,107066000
0,74,6,26,24,5,666.3403564197832,7840,24864,296,194933760
8,74,9,10,53,5,896.611564731795,6440,54908,518,353607520
15,102,9,5,79,5,1322.668921173827,9170,112812,1020,1034486040
0,97,9,10,30,5,833.2035508487774,8400,40740,388,342216000
8,74,9,4,54,5,1244.7994304402962,3150,39960,296,125874000
8,47,9,29,46,5,2122.4998331368056,150,10810,329,1621500
8,56,6,5,6,5,555.0982268004539,7490,4704,392,35232960
0,37,6,4,43,4,301.04345117582926,4928,22274,370,109766272
8,68,9,16,47,5,1500.656328564754,8610,44744,680,385245840
40,118,10,40,110,9,1222.5510045164303,42525,324500,2242,13799362500
32,74,9,16,53,5,1279.2844906222883,1785,27454,148,49005390
13,97,9,16,53,5,1500.656328564754,455,35987,679,16374085
0,113,6,26,44,5,422.7200925534518,8820,69608,0,613942560
8,102,1,18,76,5,2001.2459118517363,9170,108528,204,995201760
8,97,9,29,53,5,2323.8480877477914,2450,51410,679,125954500
15,102,9,5,75,5,1401.6508332035507,10080,107100,0,1079568000
15,74,9,16,53,5,1322.668921173827,1260,27454,518,34592040
0,59,6,4,53,5,608.4944490177319,7280,43778,236,318703840
0,74,6,26,53,5,866.5761897345762,3000,39220,518,117660000
8,68,6,4,47,5,1329.3434489509866,1155,22372,1088,25839660
0,71,6,16,47,5,1223.6523015996615,2450,33370,497,81756500
8,74,6,16,53,5,1340.4676619129195,4200,39220,518,164724000
8,91,9,16,47,7,1611.8984581840832,3150,42770,637,134725500
8,74,9,16,69,5,1167.219169243776,3000,51060,518,153180000
0,59,6,26,53,5,760.8961665962131,3000,31270,413,93810000
8,77,9,1,75,5,1055.6878100874362,9380,80850,308,758373000
8,74,6,26,53,5,1712.0163748414798,725,19610,518,14217250
8,74,6,16,53,5,1768.7498609473378,2450,39220,518,96089000
8,89,9,16,47,5,2099.3725943889467,2600,41830,623,108758000
0,59,6,26,53,5,889.9370369546353,1750,21889,413,38305750
0,68,9,16,47,5,1346.029768393886,1995,22372,1088,44632140
0,59,6,16,53,5,856.5532738558745,6440,43778,413,281930320
12,94,1,29,99,7,3301.666407101697,14112,148896,940,2101220352
15,68,9,16,47,5,1657.5077313280085,2400,31960,1088,76704000
8,89,9,16,47,5,2479.587069214853,2250,41830,623,94117500
13,58,6,10,47,5,885.4762275569002,6720,38164,232,256462080
8,68,9,16,47,5,1768.7498609473378,1155,22372,1088,25839660
15,74,9,16,53,5,1278.172069326095,455,27454,518,12491570
8,97,9,16,69,5,1318.6975771464167,3000,66930,679,200790000
8,71,9,26,47,5,1164.0821411885108,6790,46718,284,317215220
0,74,6,16,53,5,1734.2648007653456,725,19610,518,14217250
0,74,6,26,53,5,1322.668921173827,5800,39220,518,227476000
0,74,6,26,53,5,1179.1665739648918,4200,39220,518,164724000
31,74,9,16,53,5,1806.5721850179095,1120,27454,296,30748480
8,74,9,16,69,5,1201.4149998887578,10640,81696,518,869245440
0,74,6,16,53,5,1082.3859211960753,3000,39220,518,117660000
0,14,8,10,17,5,454.98031014305735,7490,3332,0,24956680
8,102,9,5,75,5,1325.783700803168,11520,122400,1122,1410048000
8,68,9,16,47,7,1329.3434489509866,5880,31960,476,187924800
8,89,9,16,47,5,1367.154648808597,5110,58562,623,299251820
8,89,9,16,47,5,1500.656328564754,725,20915,623,15163375
0,74,6,26,53,5,825.4166017754243,6440,54908,518,353607520
15,91,9,16,47,5,1918.9267359334324,2400,42770,1456,102648000
8,71,9,16,47,7,1182.4482167886622,9506,46718,284,444101308
8,74,9,16,53,5,1124.112844016286,3000,39220,518,117660000
13,89,6,16,47,5,942.2208378757202,5530,58562,890,323847860
0,27,4,23,41,5,234.49840923754644,2350,11070,459,26014500
